{"time_last_update":1777110762,"weights":{"frec":0.7,"rece":0.3},"init_weights":{"frec":0.7,"rece":0.3},"norms":{"rece":{"beta":0.001,"mean":5.045311731035034,"var":1.2353491529092053},"frec":{"beta":0.001,"mean":20756.17827874871,"var":85.33217863155075}},"score_map":{"IR7xKMeKkiIa":{"frec":11.130853142780744,"rece":1.8830076897462946,"final":8.356499506870408},"jBSq8V9q1UQc":{"frec":4.419110852785302,"rece":-0.9407940191895042,"final":2.81113939119286}}}