{"time_last_update":1772730580,"weights":{"frec":0.7,"rece":0.3},"init_weights":{"frec":0.7,"rece":0.3},"norms":{"rece":{"beta":0.001,"mean":2.0758722856629475,"var":1.5502851009002554},"frec":{"beta":0.001,"mean":20716.86261137387,"var":78.70956188561789}},"score_map":{"idFaWTMh4qq1":{"frec":11.850684563620907,"rece":6.363633221833544,"final":10.204569161084697}}}