{"time_last_update":1777110763,"weights":{"frec":0.7,"rece":0.3},"init_weights":{"frec":0.7,"rece":0.3},"norms":{"rece":{"beta":0.001,"mean":2.0789524839881417,"var":1.5464928889867682},"frec":{"beta":0.001,"mean":20717.282530524484,"var":122.41208330535137}},"score_map":{"EHekRIZ3LXCq":{"frec":9.464703082550345,"rece":0.6204383331248464,"final":6.811423657722695}}}