{"time_last_update":1772730581,"weights":{"frec":0.7,"rece":0.3},"init_weights":{"frec":0.7,"rece":0.3},"norms":{"rece":{"beta":0.001,"mean":2.0758533169102575,"var":1.5502871286845146},"frec":{"beta":0.001,"mean":20716.86261137387,"var":78.70956188561789}},"score_map":{"EHekRIZ3LXCq":{"frec":11.850684563620907,"rece":6.363607672375501,"final":10.204561496247283}}}