{"time_last_update":1777110750,"weights":{"frec":0.7,"rece":0.3},"init_weights":{"frec":0.7,"rece":0.3},"norms":{"rece":{"beta":0.001,"mean":5.998589847442281,"var":1.0227192324342693},"frec":{"beta":0.001,"mean":20763.04994702799,"var":1.7376951505311795}},"score_map":{"YcvriFSZ886B":{"frec":13.616921693941178,"rece":-2.4061037163761787,"final":8.81001407084597}}}