{"time_last_update":1772730550,"weights":{"frec":0.7,"rece":0.3},"init_weights":{"frec":0.7,"rece":0.3},"norms":{"rece":{"beta":0.001,"mean":6.011518754842452,"var":1.0438553031332323},"frec":{"beta":0.001,"mean":20763.087956000003,"var":4.862199932000852}},"score_map":{"JNZ3GhUT1mTf":{"frec":19.914400934314383,"rece":3.903232633067709,"final":15.111050443940378}}}