{"time_last_update":1777110728,"weights":{"frec":0.7,"rece":0.3},"init_weights":{"frec":0.7,"rece":0.3},"norms":{"rece":{"beta":0.001,"mean":6.002050978088034,"var":1.0705765822503077},"frec":{"beta":0.001,"mean":20763.216563438782,"var":10.3554038882631}},"score_map":{"JNZ3GhUT1mTf":{"frec":13.295116433130591,"rece":-3.0458219128587984,"final":8.392834929333773}}}