{"time_last_update":1772742040,"weights":{"frec":0.7,"rece":0.3},"init_weights":{"frec":0.7,"rece":0.3},"norms":{"rece":{"beta":0.001,"mean":3.644423066447878,"var":4.965598107344302},"frec":{"beta":0.001,"mean":20771.116015869113,"var":1324.7551260942416}},"score_map":{"uaN1NvKeYlnO":{"frec":3.953162350504863,"rece":2.8510623722703823,"final":3.6225323570345185},"CBo1EdMyYrzD":{"frec":-1.047224260540034,"rece":-0.2894630654277195,"final":-0.8198959020063395}}}