{"time_last_update":1777102286,"weights":{"frec":0.7,"rece":0.3},"init_weights":{"frec":0.7,"rece":0.3},"norms":{"rece":{"beta":0.001,"mean":3.6645362611048777,"var":5.0785147069876695},"frec":{"beta":0.001,"mean":20772.40514743162,"var":1560.8826356503453}},"score_map":{"uaN1NvKeYlnO":{"frec":5.254500722742101,"rece":2.8082319541490097,"final":4.520620092164173},"bwHldbxS7eN6":{"frec":-0.18743409121203325,"rece":-0.8010849936562302,"final":-0.3715293619452923}}}