{"time_last_update":1777110713,"weights":{"frec":0.7,"rece":0.3},"init_weights":{"frec":0.7,"rece":0.3},"norms":{"rece":{"beta":0.001,"mean":2.0514505126488434,"var":1.3564811072715488},"frec":{"beta":0.001,"mean":20716.59011949587,"var":45.47839899431344}},"score_map":{"bZEimWgWK_lA":{"frec":12.368439675985694,"rece":0.6860212051136622,"final":8.863714134724084}}}