{"time_last_update":1777110712,"weights":{"frec":0.7,"rece":0.3},"init_weights":{"frec":0.7,"rece":0.3},"norms":{"rece":{"beta":0.001,"mean":2.0828613132760307,"var":1.603943462138545},"frec":{"beta":0.001,"mean":20717.212485375025,"var":120.00757191632204}},"score_map":{"_EqIGFFoawfJ":{"frec":7.465908903956499,"rece":1.1700880633185293,"final":5.577162651765108}}}