{"time_last_update":1777059198,"weights":{"frec":0.7,"rece":0.3},"init_weights":{"frec":0.7,"rece":0.3},"norms":{"rece":{"beta":0.001,"mean":6.0012756396596885,"var":1.0462669417206885},"frec":{"beta":0.001,"mean":20763.080919026997,"var":3.1754562763609195}},"score_map":{"S-NbSh9GXpjL":{"frec":15.106267130183676,"rece":-3.039009247314156,"final":9.662684216934327}}}