{"time_last_update":1777110727,"weights":{"frec":0.7,"rece":0.3},"init_weights":{"frec":0.7,"rece":0.3},"norms":{"rece":{"beta":0.001,"mean":5.991837911838055,"var":1.0727918191689203},"frec":{"beta":0.001,"mean":20763.161595539594,"var":5.333335702481184}},"score_map":{"S-NbSh9GXpjL":{"frec":11.621367448682852,"rece":-3.033024392036555,"final":7.22504989646703}}}