{"time_last_update":1772730539,"weights":{"frec":0.7,"rece":0.3},"init_weights":{"frec":0.7,"rece":0.3},"norms":{"rece":{"beta":0.001,"mean":6.007502004748873,"var":1.028949697808609},"frec":{"beta":0.001,"mean":20763.027,"var":1.7260029989999999}},"score_map":{"S-NbSh9GXpjL":{"frec":20.530923245381732,"rece":3.9346475164772654,"final":15.55204052671039}}}