{"time_last_update":1777110729,"weights":{"frec":0.7,"rece":0.3},"init_weights":{"frec":0.7,"rece":0.3},"norms":{"rece":{"beta":0.001,"mean":4.9963473517265085,"var":1.0261396048437896},"frec":{"beta":0.001,"mean":20755.17367630785,"var":7.090332356018689}},"score_map":{"mvL1RHh-kqNB":{"frec":14.205641097962324,"rece":-2.681241042747004,"final":9.139576455749525}}}